<kie-server-state>
  <controllers/>
  <configuration>
    <configItems>
      <config-item>
        <name>org.kie.server.controller.user</name>
        <value>controllerUser</value>
        <type>java.lang.String</type>
      </config-item>
      <config-item>
        <name>org.kie.server.controller.pwd</name>
        <value>controllerUser1234</value>
        <type>java.lang.String</type>
      </config-item>
      <config-item>
        <name>org.kie.server.user</name>
        <value>executionUser</value>
        <type>java.lang.String</type>
      </config-item>
      <config-item>
        <name>org.kie.server.pwd</name>
        <value>executionUser</value>
        <type>java.lang.String</type>
      </config-item>
      <config-item>
        <name>org.kie.server.startup.strategy</name>
        <value>LocalContainersStartupStrategy</value>
        <type>java.lang.String</type>
      </config-item>
      <config-item>
        <name>org.kie.server.controller</name>
        <value></value>
        <type>java.lang.String</type>
      </config-item>
      <config-item>
        <name>org.kie.server.id</name>
        <value>new-hire-service</value>
        <type>java.lang.String</type>
      </config-item>
      <config-item>
        <name>org.kie.server.location</name>
        <value>http://localhost:8090/rest/server</value>
        <type>java.lang.String</type>
      </config-item>
    </configItems>
  </configuration>
  <containers>
    <container>
      <containerId>com.redhat:new-hire:1.0.0</containerId>
      <releaseId>
        <groupId>com.redhat</groupId>
        <artifactId>new-hire</artifactId>
        <version>1.0.0</version>
      </releaseId>
      <status>STARTED</status>
      <scanner>
        <status>STOPPED</status>
      </scanner>
      <configItems>
        <config-item>
          <name>KBase</name>
          <value></value>
          <type>BPM</type>
        </config-item>
        <config-item>
          <name>KSession</name>
          <value></value>
          <type>BPM</type>
        </config-item>
        <config-item>
          <name>MergeMode</name>
          <value>MERGE_COLLECTIONS</value>
          <type>BPM</type>
        </config-item>
        <config-item>
          <name>RuntimeStrategy</name>
          <value>PER_PROCESS_INSTANCE</value>
          <type>BPM</type>
        </config-item>
      </configItems>
      <messages/>
      <containerAlias></containerAlias>
    </container>
    <container>
      <containerId>business-application-kjar-2.0-SNAPSHOT</containerId>
      <releaseId>
        <groupId>com.jbpm.demo</groupId>
        <artifactId>business-application-kjar</artifactId>
        <version>2.0-SNAPSHOT</version>
      </releaseId>
      <status>STARTED</status>
      <scanner>
        <status>STARTED</status>
        <pollInterval>5000</pollInterval>
      </scanner>
      <configItems>
        <config-item>
          <name>RuntimeStrategy</name>
          <value>SINGLETON</value>
          <type>java.lang.String</type>
        </config-item>
        <config-item>
          <name>MergeMode</name>
          <value>MERGE_COLLECTIONS</value>
          <type>java.lang.String</type>
        </config-item>
        <config-item>
          <name>KBase</name>
          <value></value>
          <type>java.lang.String</type>
        </config-item>
        <config-item>
          <name>KSession</name>
          <value></value>
          <type>java.lang.String</type>
        </config-item>
      </configItems>
      <messages/>
    </container>
  </containers>
</kie-server-state>